metric,hybrid_mean,vqc_weighted_mean,difference,wilcoxon_stat,wilcoxon_p,paired_t_stat,paired_t_p
recall_at_3,0.6524444444444445,0.6567777777777778,0.0043333333333333,18.0,0.5859565771946524,-0.5396229499055114,0.589858715002359
recall_at_5,0.6993888888888888,0.7046666666666666,0.005277777777777715,33.0,0.6212834518319218,-0.5151471326389544,0.6068308412811793
recall_at_10,0.7618333333333333,0.7593333333333333,-0.0024999999999999467,9.0,0.7463178799324552,0.36063353466433057,0.7186280598383474
mrr,0.6145608465608465,0.6150666399876926,0.0005057934268460906,698.5,0.22360965499336638,-0.07214711620715747,0.9425330663615983
ndcg_at_5,0.6239810147915169,0.6214938663886306,-0.00248714840288633,501.0,0.8519391099492135,0.3912747619353324,0.6958728316497215
ndcg_at_10,0.6455552730028976,0.6403287973360303,-0.005226475666867292,657.5,0.607247108325162,0.9752441295883054,0.33022752089349555
map,0.6035595238095238,0.6014598610453874,-0.002099662764136423,998.0,0.15225733254207552,0.32003631925524556,0.7491643194230576
