mean_positive_score,mean_negative_score,std_positive_score,std_negative_score,pairwise_accuracy,num_pairs
0.5127905314811002,0.4891826773571581,0.06327414561084625,0.05983638961929344,0.5910931174089069,247
